{
  "id": "3202108",
  "name": "小哈1号",
  "font_family": "iconfont",
  "css_prefix_text": "icon-",
  "description": "",
  "glyphs": [
    {
      "icon_id": "11372701",
      "name": "收藏",
      "font_class": "shoucang",
      "unicode": "e8b9",
      "unicode_decimal": 59577
    },
    {
      "icon_id": "11459720",
      "name": "人民币",
      "font_class": "renminbi",
      "unicode": "e606",
      "unicode_decimal": 58886
    },
    {
      "icon_id": "27814403",
      "name": "购物车",
      "font_class": "gouwuche-copy",
      "unicode": "e653",
      "unicode_decimal": 58963
    },
    {
      "icon_id": "2675010",
      "name": "分类",
      "font_class": "fenlei",
      "unicode": "e62f",
      "unicode_decimal": 58927
    },
    {
      "icon_id": "4630553",
      "name": "我的",
      "font_class": "wode",
      "unicode": "e649",
      "unicode_decimal": 58953
    },
    {
      "icon_id": "13332675",
      "name": "购物车",
      "font_class": "gouwuche",
      "unicode": "e609",
      "unicode_decimal": 58889
    },
    {
      "icon_id": "19657699",
      "name": "首页",
      "font_class": "shouye",
      "unicode": "e602",
      "unicode_decimal": 58882
    },
    {
      "icon_id": "27814441",
      "name": "我的",
      "font_class": "wode-copy",
      "unicode": "e654",
      "unicode_decimal": 58964
    },
    {
      "icon_id": "27814465",
      "name": "分类",
      "font_class": "fenlei-copy",
      "unicode": "e655",
      "unicode_decimal": 58965
    },
    {
      "icon_id": "27807156",
      "name": "首页",
      "font_class": "shouye-copy",
      "unicode": "e652",
      "unicode_decimal": 58962
    }
  ]
}
